<?xml version="1.0" encoding="UTF-8" standalone="yes"?>
<manifest>
  <control namespace="CanvasAppClose" constructor="CanvasClose" version="0.0.1" display-name-key="CanvasClose" description-key="Canvas Close" control-type="standard" api-version="1.3.3">
    <external-service-usage enabled="false"/>
    <property name="BtnProperty" display-name-key="Property_Display_Key" description-key="Property_Desc_Key" of-type="SingleLine.Text" usage="bound" required="false"/>
    <resources>
      <code path="bundle.js" order="1"/>
      <css path="css/buttonstyle.css" order="1"/>
      <img path="images/Close.png"/>
    </resources>
    <built-by name="pac" version="1.9.4"/>
  </control>
</manifest>